<?xml version="1.0" encoding="UTF-8" ?>
<!DOCTYPE mapper PUBLIC "-//mybatis.org//DTD Mapper 3.0//EN" "http://mybatis.org/dtd/mybatis-3-mapper.dtd" >
<mapper namespace="com.example.demo.dao.KeyMapper" >
  <resultMap id="BaseResultMap" type="com.example.demo.model.entity.Key" >
    <id column="id" property="id" jdbcType="INTEGER" />
    <result column="question_id" property="questionId" jdbcType="INTEGER" />
  </resultMap>
  <resultMap id="ResultMapWithBLOBs" type="com.example.demo.model.entity.KeyWithBLOBs" extends="BaseResultMap" >
    <result column="key_content" property="keyContent" jdbcType="LONGVARCHAR" />
    <result column="picture" property="picture" jdbcType="LONGVARCHAR" />
  </resultMap>
  <sql id="Example_Where_Clause" >
    <where >
      <foreach collection="oredCriteria" item="criteria" separator="or" >
        <if test="criteria.valid" >
          <trim prefix="(" suffix=")" prefixOverrides="and" >
            <foreach collection="criteria.criteria" item="criterion" >
              <choose >
                <when test="criterion.noValue" >
                  and ${criterion.condition}
                </when>
                <when test="criterion.singleValue" >
                  and ${criterion.condition} #{criterion.value}
                </when>
                <when test="criterion.betweenValue" >
                  and ${criterion.condition} #{criterion.value} and #{criterion.secondValue}
                </when>
                <when test="criterion.listValue" >
                  and ${criterion.condition}
                  <foreach collection="criterion.value" item="listItem" open="(" close=")" separator="," >
                    #{listItem}
                  </foreach>
                </when>
              </choose>
            </foreach>
          </trim>
        </if>
      </foreach>
    </where>
  </sql>
  <sql id="Update_By_Example_Where_Clause" >
    <where >
      <foreach collection="example.oredCriteria" item="criteria" separator="or" >
        <if test="criteria.valid" >
          <trim prefix="(" suffix=")" prefixOverrides="and" >
            <foreach collection="criteria.criteria" item="criterion" >
              <choose >
                <when test="criterion.noValue" >
                  and ${criterion.condition}
                </when>
                <when test="criterion.singleValue" >
                  and ${criterion.condition} #{criterion.value}
                </when>
                <when test="criterion.betweenValue" >
                  and ${criterion.condition} #{criterion.value} and #{criterion.secondValue}
                </when>
                <when test="criterion.listValue" >
                  and ${criterion.condition}
                  <foreach collection="criterion.value" item="listItem" open="(" close=")" separator="," >
                    #{listItem}
                  </foreach>
                </when>
              </choose>
            </foreach>
          </trim>
        </if>
      </foreach>
    </where>
  </sql>
  <sql id="Base_Column_List" >
    id, question_id
  </sql>
  <sql id="Blob_Column_List" >
    key_content, picture
  </sql>
  <select id="selectByExampleWithBLOBs" resultMap="ResultMapWithBLOBs" parameterType="com.example.demo.model.entity.KeyExample" >
    select
    <if test="distinct" >
      distinct
    </if>
    'true' as QUERYID,
    <include refid="Base_Column_List" />
    ,
    <include refid="Blob_Column_List" />
    from key
    <if test="_parameter != null" >
      <include refid="Example_Where_Clause" />
    </if>
    <if test="orderByClause != null" >
      order by ${orderByClause}
    </if>
  </select>
  <select id="selectByExample" resultMap="BaseResultMap" parameterType="com.example.demo.model.entity.KeyExample" >
    select
    <if test="distinct" >
      distinct
    </if>
    'true' as QUERYID,
    <include refid="Base_Column_List" />
    from key
    <if test="_parameter != null" >
      <include refid="Example_Where_Clause" />
    </if>
    <if test="orderByClause != null" >
      order by ${orderByClause}
    </if>
  </select>
  <select id="selectByPrimaryKey" resultMap="ResultMapWithBLOBs" parameterType="java.lang.Integer" >
    select 
    <include refid="Base_Column_List" />
    ,
    <include refid="Blob_Column_List" />
    from key
    where id = #{id,jdbcType=INTEGER}
  </select>
  <delete id="deleteByPrimaryKey" parameterType="java.lang.Integer" >
    delete from key
    where id = #{id,jdbcType=INTEGER}
  </delete>
  <delete id="deleteByExample" parameterType="com.example.demo.model.entity.KeyExample" >
    delete from key
    <if test="_parameter != null" >
      <include refid="Example_Where_Clause" />
    </if>
  </delete>
  <insert id="insert" parameterType="com.example.demo.model.entity.KeyWithBLOBs" >
    insert into key (id, question_id, key_content,picture)
    values (#{id,jdbcType=INTEGER}, #{questionId,jdbcType=INTEGER}, #{keyContent,jdbcType=LONGVARCHAR}, 
      #{picture,jdbcType=LONGVARCHAR})
  </insert>
  <insert id="insertSelective" parameterType="com.example.demo.model.entity.KeyWithBLOBs" >
    insert into key
    <trim prefix="(" suffix=")" suffixOverrides="," >
      <if test="id != null" >
        id,
      </if>
      <if test="questionId != null" >
        question_id,
      </if>
      <if test="keyContent != null" >
        key_content,
      </if>
      <if test="picture != null" >
        picture,
      </if>
    </trim>
    <trim prefix="values (" suffix=")" suffixOverrides="," >
      <if test="id != null" >
        #{id,jdbcType=INTEGER},
      </if>
      <if test="questionId != null" >
        #{questionId,jdbcType=INTEGER},
      </if>
      <if test="keyContent != null" >
        #{keyContent,jdbcType=LONGVARCHAR},
      </if>
      <if test="picture != null" >
        #{picture,jdbcType=LONGVARCHAR},
      </if>
    </trim>
  </insert>
  <select id="countByExample" parameterType="com.example.demo.model.entity.KeyExample" resultType="java.lang.Integer" >
    select count(*) from key
    <if test="_parameter != null" >
      <include refid="Example_Where_Clause" />
    </if>
  </select>
  <update id="updateByExampleSelective" parameterType="map" >
    update key
    <set >
      <if test="record.id != null" >
        id = #{record.id,jdbcType=INTEGER},
      </if>
      <if test="record.questionId != null" >
        question_id = #{record.questionId,jdbcType=INTEGER},
      </if>
      <if test="record.keyContent != null" >
        key_content = #{record.keyContent,jdbcType=LONGVARCHAR},
      </if>
      <if test="record.picture != null" >
        picture = #{record.picture,jdbcType=LONGVARCHAR},
      </if>
    </set>
    <if test="_parameter != null" >
      <include refid="Update_By_Example_Where_Clause" />
    </if>
  </update>
  <update id="updateByExampleWithBLOBs" parameterType="map" >
    update key
    set id = #{record.id,jdbcType=INTEGER},
      question_id = #{record.questionId,jdbcType=INTEGER},
      key_content = #{record.keyContent,jdbcType=LONGVARCHAR},
      picture = #{record.picture,jdbcType=LONGVARCHAR}
    <if test="_parameter != null" >
      <include refid="Update_By_Example_Where_Clause" />
    </if>
  </update>
  <update id="updateByExample" parameterType="map" >
    update key
    set id = #{record.id,jdbcType=INTEGER},
      question_id = #{record.questionId,jdbcType=INTEGER}
    <if test="_parameter != null" >
      <include refid="Update_By_Example_Where_Clause" />
    </if>
  </update>
  <update id="updateByPrimaryKeySelective" parameterType="com.example.demo.model.entity.KeyWithBLOBs" >
    update key
    <set >
      <if test="questionId != null" >
        question_id = #{questionId,jdbcType=INTEGER},
      </if>
      <if test="keyContent != null" >
        key_content = #{keyContent,jdbcType=LONGVARCHAR},
      </if>
      <if test="picture != null" >
        picture = #{picture,jdbcType=LONGVARCHAR},
      </if>
    </set>
    where id = #{id,jdbcType=INTEGER}
  </update>
  <update id="updateByPrimaryKeyWithBLOBs" parameterType="com.example.demo.model.entity.KeyWithBLOBs" >
    update key
    set question_id = #{questionId,jdbcType=INTEGER},
      key_content = #{keyContent,jdbcType=LONGVARCHAR},
      picture = #{picture,jdbcType=LONGVARCHAR}
    where id = #{id,jdbcType=INTEGER}
  </update>
  <update id="updateByPrimaryKey" parameterType="com.example.demo.model.entity.Key" >
    update key
    set question_id = #{questionId,jdbcType=INTEGER}
    where id = #{id,jdbcType=INTEGER}
  </update>
</mapper>