<?xml version="1.0" encoding="UTF-8" ?>
<!DOCTYPE generatorConfiguration
        PUBLIC "-//mybatis.org//DTD MyBatis Generator Configuration 1.0//EN"
        "http://mybatis.org/dtd/mybatis-generator-config_1_0.dtd">
<generatorConfiguration>
    <classPathEntry
            location="/Users/tangyuqi/Documents/Java_Tool/mysql-connector-java-5.1.46/mysql-connector-java-5.1.46.jar"/>
    <context id="DB2Tables" targetRuntime="MyBatis3">
        <commentGenerator>
            <property name="suppressDate" value="true"/>
            <!-- 是否去除自动生成的注释 true：是 ： false:否 -->
            <property name="suppressAllComments" value="true"/>
        </commentGenerator>
        <!--数据库链接URL，用户名、密码 -->
        <jdbcConnection driverClass="com.mysql.jdbc.Driver"
                        connectionURL="jdbc:mysql://139.199.57.40:3306/Paper_Manage?characterEncoding=utf-8&amp;useSSL=false"
                        userId="root"
                        password="jgx13245">
        </jdbcConnection>
        <javaTypeResolver>
            <property name="forceBigDecimals" value="false"/>
        </javaTypeResolver>
        <!-- 生成模型的包名和位置-->
        <javaModelGenerator targetPackage="com.example.demo.model.entity" targetProject="src/main/java">
            <property name="enableSubPackages" value="true"/>
            <property name="trimStrings" value="true"/>
        </javaModelGenerator>
        <!-- 生成映射文件的包名和位置-->
        <sqlMapGenerator targetPackage="mapping" targetProject="src/main/resources">
            <property name="enableSubPackages" value="true"/>
        </sqlMapGenerator>
        <!-- 生成DAO的包名和位置-->
        <javaClientGenerator type="XMLMAPPER" targetPackage="com.example.demo.dao" targetProject="src/main/java">
            <property name="enableSubPackages" value="true"/>
        </javaClientGenerator>
        <!-- 要生成的表 tableName是数据库中的表名或视图名 domainObjectName是实体类名-->

        <table tableName="first_knowledge" domainObjectName="FirstKnowledge"
               enableCountByExample="true"
               enableUpdateByExample="true"
               enableDeleteByExample="true"
               enableSelectByExample="true"
               selectByExampleQueryId="true"/>

        <table tableName="key" domainObjectName="Key"
              enableCountByExample="true"
              enableUpdateByExample="true"
              enableDeleteByExample="true"
              enableSelectByExample="true"
              selectByExampleQueryId="true"/>

        <table tableName="question" domainObjectName="Question"
               enableCountByExample="true"
               enableUpdateByExample="true"
               enableDeleteByExample="true"
               enableSelectByExample="true"
               selectByExampleQueryId="true"/>

        <table tableName="school" domainObjectName="School"
               enableCountByExample="true"
               enableUpdateByExample="true"
               enableDeleteByExample="true"
               enableSelectByExample="true"
               selectByExampleQueryId="true"/>

        <table tableName="second_knowledge" domainObjectName="SecondKnowledge"
               enableCountByExample="true"
               enableUpdateByExample="true"
               enableDeleteByExample="true"
               enableSelectByExample="true"
               selectByExampleQueryId="true"/>

        <table tableName="subject" domainObjectName="Subject"
               enableCountByExample="true"
               enableUpdateByExample="true"
               enableDeleteByExample="true"
               enableSelectByExample="true"
               selectByExampleQueryId="true"/>

        <table tableName="type" domainObjectName="Type"
               enableCountByExample="true"
               enableUpdateByExample="true"
               enableDeleteByExample="true"
               enableSelectByExample="true"
               selectByExampleQueryId="true"/>

        <table tableName="user" domainObjectName="User"
               enableCountByExample="true"
               enableUpdateByExample="true"
               enableDeleteByExample="true"
               enableSelectByExample="true"
               selectByExampleQueryId="true"/>

        <table tableName="solution" domainObjectName="Solution"
               enableCountByExample="true"
               enableUpdateByExample="true"
               enableDeleteByExample="true"
               enableSelectByExample="true"
               selectByExampleQueryId="true"/>


    </context>
</generatorConfiguration>